Survey ID,Response ID
SV_6WlagN6igyFaO7r,R_3NSozdoIIZ3TQRD
SV_6WlagN6igyFaO7r,R_20rTpjcfAP3vMax
SV_6WlagN6igyFaO7r,R_bNKPu3q2LvliT4N
SV_6WlagN6igyFaO7r,R_0SrWU8fr2U9EegZ
SV_6WlagN6igyFaO7r,R_5vakeRXIQrcepq5
SV_6WlagN6igyFaO7r,R_equle5Ycgdkb8hv
SV_6WlagN6igyFaO7r,R_50aHDJl59Mbt4RT
SV_6WlagN6igyFaO7r,R_eyBDkylgeOPh56R
SV_6WlagN6igyFaO7r,R_086bzM29X8uHz9z
SV_6WlagN6igyFaO7r,R_3lAFXEnXHRGO2ot
SV_6WlagN6igyFaO7r,R_0U0hrRuNac3kMMR
SV_6WlagN6igyFaO7r,R_bskLZGAFNUB7ztX
SV_6WlagN6igyFaO7r,R_cx1Fg4aaIMmZ5l3
SV_6WlagN6igyFaO7r,R_0wUL2ePbncBLNlP
SV_6WlagN6igyFaO7r,R_02lKsnJFWL1BtxH
SV_6WlagN6igyFaO7r,R_8dZHHJ0A53xdiQZ
SV_6WlagN6igyFaO7r,R_9nx88rrq9Phxc6p
SV_6WlagN6igyFaO7r,R_etXxlInx6zyoWQB
SV_6WlagN6igyFaO7r,R_dmLgFNzPyMHFdJz
SV_6WlagN6igyFaO7r,R_5psb7ve5GtnOvkh
SV_6WlagN6igyFaO7r,R_bmCxCMpNziXVoi1
