Survey ID,Response ID,Patch Column,Patch Value
SV_8eUFJC9DEyzqdQF,R_3s6aEvvdNsJxRFH,Badge ID,201761
SV_8eUFJC9DEyzqdQF,R_2E5HrybFL8aEulp,Badge ID,121388
SV_8eUFJC9DEyzqdQF,R_3EySOiVUCVH4Lyt,Badge ID,207135
SV_8eUFJC9DEyzqdQF,R_2QiEP12F2Q5wNnh,Badge ID,204712
SV_8eUFJC9DEyzqdQF,R_2aWebBjoVVx8YbF,Badge ID,206053
SV_8eUFJC9DEyzqdQF,R_umtCbMz38UwB6ZH,Badge ID,206618
SV_8eUFJC9DEyzqdQF,R_3iDtsLdFSdaNLYM,Badge ID,201738
SV_8eUFJC9DEyzqdQF,R_2X0c0LV92R55lCT,Badge ID,202007
SV_8eUFJC9DEyzqdQF,R_3fj8zdmlA6iiLkW,Badge ID,204516
SV_8eUFJC9DEyzqdQF,R_33a3r0FpUkADvZe,Badge ID,207140
SV_8eUFJC9DEyzqdQF,R_2xzTOneHZJS6Abw,Badge ID,203682
SV_8eUFJC9DEyzqdQF,R_3g1V0rnJzya6Ns9,Badge ID,121016
SV_8eUFJC9DEyzqdQF,R_2Eo3KKku6J0kwPS,Badge ID,201369
SV_8eUFJC9DEyzqdQF,R_ac0JYivwOQGBH9f,Badge ID,205375
SV_8eUFJC9DEyzqdQF,R_2ctG6w9D1E0XJ8D,Badge ID,205280
SV_8eUFJC9DEyzqdQF,R_UFvopZ2YMCn3VER,Badge ID,121016
SV_8eUFJC9DEyzqdQF,R_AnWf2B09zsyd6wh,Badge ID,206618
SV_8eUFJC9DEyzqdQF,R_1H79f15Ug11FyuC,Badge ID,201369
SV_8eUFJC9DEyzqdQF,R_2qDT7Cc4RXVvtqV,Badge ID,207140
SV_8eUFJC9DEyzqdQF,R_6L58E88D1Bb6YV3,Badge ID,202007
SV_8eUFJC9DEyzqdQF,R_290q9ko2B47E9Ew,Badge ID,201738
SV_8eUFJC9DEyzqdQF,R_YWEtD0eslqY6lah,Badge ID,206559
SV_8eUFJC9DEyzqdQF,R_bC3CkxPVTY0E5jP,Badge ID,202048
SV_8eUFJC9DEyzqdQF,R_1QtjO4vk6VMDRrA,Badge ID,207588
SV_8eUFJC9DEyzqdQF,R_3G7YXgoiYggtYAI,Badge ID,207140
SV_8eUFJC9DEyzqdQF,R_pmTpHWQG2G3MJjz,Badge ID,206037
SV_8eUFJC9DEyzqdQF,R_vpOU34VwlQTkz5f,Badge ID,206327
SV_8eUFJC9DEyzqdQF,R_2rIWF2u9f8alsX3,Badge ID,203318
SV_8eUFJC9DEyzqdQF,R_31n141dhoNyeNjb,Badge ID,207089
SV_8eUFJC9DEyzqdQF,R_116elSA5UKOe1Si,Badge ID,203318
SV_8eUFJC9DEyzqdQF,R_1GDDg1hQDeH9MhX,Badge ID,206037
SV_8eUFJC9DEyzqdQF,R_3MKdrEnF4OBGUWn,Badge ID,206327
SV_8eUFJC9DEyzqdQF,R_2dveEcBmXI9GIPc,Badge ID,110797
SV_8eUFJC9DEyzqdQF,R_3s6aEvvdNsJxRFH,Job Profile,OM
SV_8eUFJC9DEyzqdQF,R_2E5HrybFL8aEulp,Job Profile,OM
SV_8eUFJC9DEyzqdQF,R_3EySOiVUCVH4Lyt,Job Profile,OM
SV_8eUFJC9DEyzqdQF,R_2QiEP12F2Q5wNnh,Job Profile,OM
SV_8eUFJC9DEyzqdQF,R_2aWebBjoVVx8YbF,Job Profile,OM
SV_8eUFJC9DEyzqdQF,R_umtCbMz38UwB6ZH,Job Profile,OM
SV_8eUFJC9DEyzqdQF,R_3iDtsLdFSdaNLYM,Job Profile,OM
SV_8eUFJC9DEyzqdQF,R_2X0c0LV92R55lCT,Job Profile,OM
SV_8eUFJC9DEyzqdQF,R_3fj8zdmlA6iiLkW,Job Profile,OM
SV_8eUFJC9DEyzqdQF,R_33a3r0FpUkADvZe,Job Profile,OM
SV_8eUFJC9DEyzqdQF,R_2xzTOneHZJS6Abw,Job Profile,OM
SV_8eUFJC9DEyzqdQF,R_3g1V0rnJzya6Ns9,Job Profile,OM
SV_8eUFJC9DEyzqdQF,R_2Eo3KKku6J0kwPS,Job Profile,OM
SV_8eUFJC9DEyzqdQF,R_ac0JYivwOQGBH9f,Job Profile,OM
SV_8eUFJC9DEyzqdQF,R_2ctG6w9D1E0XJ8D,Job Profile,OM
SV_8eUFJC9DEyzqdQF,R_UFvopZ2YMCn3VER,Job Profile,OM
SV_8eUFJC9DEyzqdQF,R_AnWf2B09zsyd6wh,Job Profile,OM
SV_8eUFJC9DEyzqdQF,R_1H79f15Ug11FyuC,Job Profile,OM
SV_8eUFJC9DEyzqdQF,R_2qDT7Cc4RXVvtqV,Job Profile,OM
SV_8eUFJC9DEyzqdQF,R_6L58E88D1Bb6YV3,Job Profile,OM
SV_8eUFJC9DEyzqdQF,R_290q9ko2B47E9Ew,Job Profile,OM
SV_8eUFJC9DEyzqdQF,R_YWEtD0eslqY6lah,Job Profile,OM
SV_8eUFJC9DEyzqdQF,R_bC3CkxPVTY0E5jP,Job Profile,OM
SV_8eUFJC9DEyzqdQF,R_1QtjO4vk6VMDRrA,Job Profile,OM
SV_8eUFJC9DEyzqdQF,R_3G7YXgoiYggtYAI,Job Profile,OM
